iter	Logloss
0	0.6672186012
1	0.645639548
2	0.6275488584
3	0.6121824472
4	0.5991403936
5	0.5880428654
6	0.5781434672
7	0.5699646517
8	0.562493701
9	0.5559821632
